strategy	ticker	trades	pnl
c1 squeeze	CRM	12	10963.94
c1 squeeze	ADBE	8	8302.19
c1 squeeze	AAPL	10	7801.59
c1 squeeze	AMAT	8	6978.08
c1 squeeze	CVX	12	5211.75
c1 squeeze	CEG	3	4528.27
c1 squeeze	DIS	10	3590.81
c1 squeeze	CRWD	2	3027.42
c1 squeeze	GEV	2	2534.74
c1 squeeze	GM	12	2469.79
c1 squeeze	ARM	5	2345.21
c1 squeeze	FSLR	2	2287.58
c1 squeeze	CMG	21	2183.02
c1 squeeze	DELL	5	1908.37
c1 squeeze	C	9	1881.87
c1 squeeze	IBM	12	1873.02
c1 squeeze	GLW	15	1628.98
c1 squeeze	DDOG	14	1518.25
c1 squeeze	CMCSA	15	1149.08
c1 squeeze	CVS	7	1104.63
c1 squeeze	ANET	4	1026.35
c1 squeeze	BABA	5	702.26
c1 squeeze	DIA	2	620.56
c1 squeeze	ENPH	4	601.22
c1 squeeze	LRCX	3	577.44
c1 squeeze	HAL	14	444.58
c1 squeeze	DAL	5	406.15
c1 squeeze	AES	10	371.09
c1 squeeze	ALB	12	366.1
c1 squeeze	APA	7	328.0
c1 squeeze	DOW	6	297.77
c1 squeeze	CCL	11	248.61
c1 squeeze	KHC	8	247.51
c1 squeeze	HPE	10	150.15
c1 squeeze	INTC	1	127.22
c1 squeeze	AMDL	1	85.45
c1 squeeze	JD	3	6.95
c1 squeeze	F	17	-90.8
c1 squeeze	AAL	5	-206.83
c1 squeeze	FCX	5	-209.94
c1 squeeze	AMD	4	-230.55
c1 squeeze	BAC	10	-290.82
c1 squeeze	KO	11	-313.94
c1 squeeze	AFRM	1	-353.4
c1 squeeze	CVNA	1	-355.18
c1 squeeze	BMY	14	-489.35
c1 squeeze	DVN	8	-541.22
c1 squeeze	ARKK	6	-947.59
c1 squeeze	AMZN	11	-1118.3
c1 squeeze	IWM	8	-1873.94
c1 squeeze	GOOGL	7	-1997.89
c1 squeeze	GOOG	8	-2913.92
c1 squeeze	BA	9	-3023.44
c1 squeeze	LLY	5	-3555.95
c1 squeeze	AVGO	3	-3694.0
c1 squeeze	JPM	8	-3984.75
c1 squeeze	GE	13	-5194.36
c1 squeeze	LULU	10	-7284.44
c2 trend	AAPL	28	6731.08
c2 trend	ADBE	9	6715.19
c2 trend	CVX	12	4767.8
c2 trend	CEG	8	4187.03
c2 trend	COIN	3	3635.8
c2 trend	JPM	12	3089.46
c2 trend	LLY	7	3025.28
c2 trend	BA	10	2884.96
c2 trend	AMZN	14	2336.24
c2 trend	GE	5	2073.1
c2 trend	CRWD	11	1760.06
c2 trend	IBM	4	1547.69
c2 trend	ANET	11	1263.3
c2 trend	DDOG	2	1226.71
c2 trend	CVS	8	893.99
c2 trend	AMD	7	841.98
c2 trend	IWM	2	837.68
c2 trend	AFRM	6	736.68
c2 trend	GM	5	652.87
c2 trend	DIA	14	566.26
c2 trend	CMG	8	500.01
c2 trend	INTC	3	491.69
c2 trend	DAL	2	448.06
c2 trend	BMY	6	415.72
c2 trend	AAL	5	356.35
c2 trend	GOOGL	2	344.44
c2 trend	HAL	3	236.15
c2 trend	AES	6	234.74
c2 trend	DVN	4	82.56
c2 trend	APA	10	81.79
c2 trend	C	4	24.52
c2 trend	F	10	8.25
c2 trend	DOW	4	2.92
c2 trend	CCL	2	-0.34
c2 trend	GLW	8	-2.29
c2 trend	KO	5	-17.22
c2 trend	BITX	2	-94.32
c2 trend	BYND	3	-97.15
c2 trend	CMCSA	1	-131.81
c2 trend	CVNA	4	-132.35
c2 trend	AMDL	2	-153.42
c2 trend	HOOD	4	-166.21
c2 trend	ALB	3	-192.88
c2 trend	HPE	2	-199.77
c2 trend	ARKK	7	-204.98
c2 trend	BAC	6	-237.2
c2 trend	ENPH	6	-258.83
c2 trend	ARM	2	-260.54
c2 trend	BABA	2	-301.19
c2 trend	DIS	4	-475.38
c2 trend	FCX	4	-832.22
c2 trend	KHC	6	-870.36
c2 trend	CRM	5	-1115.78
c2 trend	LULU	5	-1146.92
c2 trend	GOOG	2	-1678.54
c2 trend	DELL	3	-1687.7
c2 trend	AMAT	3	-1730.7
c2 trend	AVGO	3	-2716.75
c2 trend	FSLR	8	-4110.17
c2 trend	GEV	11	-7869.49
c3 bounce	AAPL	8	1593.89
c3 bounce	CRWD	1	1442.58
c3 bounce	AMZN	1	1117.99
c3 bounce	DIA	2	915.63
c3 bounce	BITX	4	888.36
c3 bounce	FSLR	1	838.1
c3 bounce	BA	1	806.74
c3 bounce	KO	1	398.41
c3 bounce	DELL	3	362.74
c3 bounce	CVS	1	335.84
c3 bounce	BABA	3	321.12
c3 bounce	CMG	1	309.3
c3 bounce	ARKK	1	304.6
c3 bounce	C	1	274.82
c3 bounce	DAL	1	273.88
c3 bounce	GLW	1	259.64
c3 bounce	GM	1	245.03
c3 bounce	FCX	1	234.06
c3 bounce	CVNA	3	160.64
c3 bounce	HAL	1	160.41
c3 bounce	JPM	1	156.94
c3 bounce	CVX	1	123.38
c3 bounce	ENPH	2	85.24
c3 bounce	BYND	1	68.48
c3 bounce	F	1	42.78
c3 bounce	AES	2	-24.25
c3 bounce	DVN	2	-28.12
c3 bounce	ANET	2	-59.31
c3 bounce	AMDL	1	-70.15
c3 bounce	AAL	1	-74.14
c3 bounce	DIS	3	-75.26
c3 bounce	CCL	2	-253.21
c3 bounce	CMCSA	13	-732.19
c3 bounce	GOOG	1	-879.9
c3 bounce	COIN	1	-1062.16
c3 bounce	CEG	1	-1075.38
c3 bounce	IBM	1	-1142.91
c3 bounce	GEV	1	-1255.32
c3 bounce	AMD	2	-1273.9
c3 bounce	CRM	1	-1413.18
c3 bounce	LULU	1	-1471.93
c3 bounce	GOOGL	2	-1808.83
c5 continuation	ALB	6	2767.33
c5 continuation	LULU	1	1538.05
c5 continuation	ENPH	3	898.52
c5 continuation	AMD	4	775.98
c5 continuation	CRWD	1	724.14
c5 continuation	DELL	1	539.85
c5 continuation	AMZN	1	533.92
c5 continuation	APA	5	480.46
c5 continuation	BABA	1	426.9
c5 continuation	COIN	1	365.49
c5 continuation	DVN	1	253.05
c5 continuation	DOW	1	252.32
c5 continuation	CMG	1	251.93
c5 continuation	HAL	1	160.35
c5 continuation	BA	2	138.55
c5 continuation	BAC	1	137.27
c5 continuation	AFRM	5	128.3
c5 continuation	JD	4	65.23
c5 continuation	AMDL	1	47.38
c5 continuation	ANET	4	41.45
c5 continuation	CCL	2	-40.05
c5 continuation	AES	1	-108.75
c5 continuation	C	3	-146.74
c5 continuation	AAL	5	-168.91
c5 continuation	GM	1	-183.22
c5 continuation	DAL	1	-184.16
c5 continuation	LRCX	1	-242.34
c5 continuation	AMAT	1	-437.37
c5 continuation	GOOGL	1	-583.37
c5 continuation	GOOG	1	-584.62
c5 continuation	CVX	1	-777.28
c5 continuation	IWM	1	-853.95
c5 continuation	DIS	2	-905.26
c5 continuation	ADBE	3	-1199.04
c5 continuation	AAPL	4	-1471.3
c6 reversal	AAPL	31	12844.66
c6 reversal	COIN	17	12678.85
c6 reversal	CRM	15	11311.41
c6 reversal	ADBE	24	8936.68
c6 reversal	DIA	21	8330.77
c6 reversal	IBM	9	7759.28
c6 reversal	BABA	12	7524.61
c6 reversal	BA	18	5697.71
c6 reversal	AMZN	26	5536.07
c6 reversal	GOOGL	12	4480.9
c6 reversal	ARM	15	3964.78
c6 reversal	AVGO	16	3958.87
c6 reversal	AMD	19	2917.67
c6 reversal	LLY	12	2772.14
c6 reversal	FSLR	18	2745.61
c6 reversal	IWM	11	2677.97
c6 reversal	DELL	11	2439.59
c6 reversal	ANET	18	2405.36
c6 reversal	JPM	13	2299.82
c6 reversal	ARKK	17	2157.88
c6 reversal	DIS	15	2089.85
c6 reversal	CEG	14	1951.61
c6 reversal	GM	9	1705.14
c6 reversal	ENPH	19	1682.54
c6 reversal	BITX	17	1668.58
c6 reversal	CMG	13	1641.04
c6 reversal	GE	18	1512.28
c6 reversal	CVNA	18	1369.09
c6 reversal	DVN	15	1337.43
c6 reversal	AFRM	14	1291.17
c6 reversal	JD	11	1291.14
c6 reversal	BAC	14	1186.02
c6 reversal	BMY	14	1149.77
c6 reversal	APA	17	1033.56
c6 reversal	DOW	15	975.36
c6 reversal	CVS	13	932.43
c6 reversal	KO	9	886.52
c6 reversal	CVX	11	874.07
c6 reversal	CRWD	11	754.71
c6 reversal	KHC	16	736.65
c6 reversal	HOOD	11	730.88
c6 reversal	HAL	10	501.31
c6 reversal	DAL	21	430.08
c6 reversal	GLW	9	427.32
c6 reversal	AMDL	12	362.16
c6 reversal	INTC	22	348.3
c6 reversal	AES	16	278.51
c6 reversal	GOOG	14	261.29
c6 reversal	F	12	201.51
c6 reversal	FCX	7	198.38
c6 reversal	BYND	12	151.8
c6 reversal	HPE	7	53.25
c6 reversal	AAL	18	48.65
c6 reversal	CMCSA	9	-134.86
c6 reversal	LULU	11	-366.59
c6 reversal	CCL	19	-492.62
c6 reversal	GEV	5	-1002.69
c6 reversal	LRCX	4	-1077.2
c6 reversal	ALB	13	-1561.19
c6 reversal	C	12	-1918.06
c6 reversal	AMAT	21	-3474.99
c6 reversal	DDOG	20	-3592.61
p1 squeeze	ADBE	13	18746.52
p1 squeeze	GEV	10	13084.29
p1 squeeze	AMZN	16	9617.28
p1 squeeze	CEG	7	9561.49
p1 squeeze	LLY	9	8051.76
p1 squeeze	CRM	12	7793.29
p1 squeeze	COIN	4	6534.25
p1 squeeze	AAPL	13	6033.38
p1 squeeze	CRWD	6	5998.81
p1 squeeze	DIA	5	4465.74
p1 squeeze	AVGO	9	3961.1
p1 squeeze	C	8	3686.68
p1 squeeze	GE	6	3522.43
p1 squeeze	DAL	11	3076.83
p1 squeeze	BA	10	3051.3
p1 squeeze	JPM	9	2998.94
p1 squeeze	AMD	7	2550.98
p1 squeeze	GOOG	8	2024.06
p1 squeeze	CVNA	4	1931.88
p1 squeeze	IBM	4	1915.55
p1 squeeze	DIS	11	1828.9
p1 squeeze	DVN	15	1807.94
p1 squeeze	GM	7	1650.85
p1 squeeze	BMY	11	1645.18
p1 squeeze	HAL	12	1635.77
p1 squeeze	LULU	4	1476.0
p1 squeeze	ALB	2	1413.14
p1 squeeze	BAC	12	1403.27
p1 squeeze	DOW	9	1402.77
p1 squeeze	FSLR	3	1391.53
p1 squeeze	ARM	3	1381.61
p1 squeeze	KHC	19	1059.53
p1 squeeze	CVX	1	1034.33
p1 squeeze	LRCX	2	989.8
p1 squeeze	INTC	7	972.41
p1 squeeze	CMG	9	956.2
p1 squeeze	CMCSA	10	870.74
p1 squeeze	FCX	7	805.08
p1 squeeze	ARKK	10	675.61
p1 squeeze	CVS	4	637.93
p1 squeeze	CCL	5	593.0
p1 squeeze	BABA	1	533.93
p1 squeeze	DDOG	2	437.36
p1 squeeze	AAL	11	401.46
p1 squeeze	APA	8	398.36
p1 squeeze	KO	2	237.2
p1 squeeze	F	12	207.94
p1 squeeze	HPE	1	128.61
p1 squeeze	BYND	5	67.48
p1 squeeze	HOOD	1	-36.52
p1 squeeze	IWM	3	-84.55
p1 squeeze	GLW	3	-144.6
p1 squeeze	AES	6	-359.24
p1 squeeze	DELL	1	-446.85
p1 squeeze	ANET	2	-736.08
p1 squeeze	GOOGL	11	-2243.25
p2 trend	DIA	8	8735.25
p2 trend	CRM	7	6046.02
p2 trend	DIS	11	5972.34
p2 trend	BA	4	4742.82
p2 trend	AAPL	9	4419.09
p2 trend	COIN	7	3737.68
p2 trend	AVGO	4	3506.82
p2 trend	GE	4	3012.94
p2 trend	AMZN	8	2904.16
p2 trend	CVX	5	2424.46
p2 trend	ADBE	4	2112.2
p2 trend	ALB	7	2061.19
p2 trend	C	4	1945.58
p2 trend	IWM	5	1638.83
p2 trend	KO	9	1243.53
p2 trend	AMD	5	1238.41
p2 trend	GLW	4	1214.99
p2 trend	AMAT	1	1214.48
p2 trend	CMG	6	1191.59
p2 trend	CRWD	2	1022.43
p2 trend	ARM	3	1011.33
p2 trend	GOOGL	1	814.16
p2 trend	ENPH	6	786.66
p2 trend	FCX	4	719.58
p2 trend	BABA	4	719.49
p2 trend	CEG	7	715.1
p2 trend	CVNA	4	642.73
p2 trend	JPM	4	624.52
p2 trend	DOW	5	613.02
p2 trend	BMY	3	606.0
p2 trend	CVS	3	580.98
p2 trend	DELL	2	557.45
p2 trend	GM	7	545.18
p2 trend	AFRM	2	492.4
p2 trend	CMCSA	7	454.89
p2 trend	DDOG	5	397.83
p2 trend	BAC	4	358.11
p2 trend	ARKK	6	351.31
p2 trend	GEV	3	335.78
p2 trend	APA	3	285.75
p2 trend	DVN	4	259.24
p2 trend	AMDL	4	225.71
p2 trend	IBM	3	220.69
p2 trend	HPE	1	133.61
p2 trend	AES	6	126.13
p2 trend	CCL	2	67.06
p2 trend	BYND	4	44.16
p2 trend	F	4	39.06
p2 trend	HAL	3	25.53
p2 trend	KHC	3	-14.59
p2 trend	HOOD	2	-28.01
p2 trend	AAL	3	-64.53
p2 trend	LRCX	1	-259.7
p2 trend	DAL	4	-356.27
p2 trend	FSLR	1	-536.92
p2 trend	BITX	4	-581.44
p2 trend	GOOG	1	-627.0
p2 trend	ANET	3	-1010.3
p2 trend	LLY	2	-1784.62
p2 trend	LULU	3	-2719.86
p3 bounce	COIN	3	4973.24
p3 bounce	AAPL	5	2624.63
p3 bounce	DIA	5	2112.25
p3 bounce	CRM	1	2020.77
p3 bounce	BA	1	1553.75
p3 bounce	ALB	2	1164.04
p3 bounce	LULU	2	1051.5
p3 bounce	AVGO	1	941.26
p3 bounce	DDOG	1	799.14
p3 bounce	AFRM	4	659.55
p3 bounce	LRCX	1	403.83
p3 bounce	ENPH	1	346.48
p3 bounce	DIS	2	301.85
p3 bounce	BITX	4	214.29
p3 bounce	KHC	1	213.68
p3 bounce	CVNA	1	203.67
p3 bounce	KO	1	123.6
p3 bounce	HPE	2	52.05
p3 bounce	CCL	2	37.04
p3 bounce	JD	1	28.53
p3 bounce	AES	1	-21.51
p3 bounce	AMDL	1	-56.54
p3 bounce	BABA	2	-58.03
p3 bounce	ARKK	1	-146.61
p3 bounce	GLW	1	-156.62
p3 bounce	CMG	1	-196.65
p3 bounce	CVX	1	-506.9
p3 bounce	AMD	1	-531.92
p3 bounce	GE	1	-556.94
p3 bounce	AMZN	2	-773.61
p3 bounce	DELL	2	-863.68
p3 bounce	LLY	1	-901.17
p3 bounce	ADBE	1	-933.99
p3 bounce	CRWD	2	-1739.78
p5 continuation	LULU	1	1964.37
p5 continuation	CRM	1	1654.83
p5 continuation	ALB	5	1448.69
p5 continuation	CVX	1	1044.34
p5 continuation	FSLR	1	1024.32
p5 continuation	ARM	1	944.26
p5 continuation	AMD	4	874.72
p5 continuation	CRWD	2	647.52
p5 continuation	BABA	1	614.0
p5 continuation	AMAT	5	457.9
p5 continuation	AES	1	133.61
p5 continuation	AAPL	3	120.61
p5 continuation	DELL	3	100.59
p5 continuation	BYND	1	83.57
p5 continuation	ANET	1	83.57
p5 continuation	APA	3	60.56
p5 continuation	HOOD	3	10.53
p5 continuation	ADBE	3	5.01
p5 continuation	DVN	3	-29.51
p5 continuation	F	1	-46.53
p5 continuation	JD	1	-96.57
p5 continuation	DAL	1	-116.59
p5 continuation	GLW	1	-126.6
p5 continuation	FCX	1	-126.6
p5 continuation	AFRM	1	-129.3
p5 continuation	BITX	2	-233.17
p5 continuation	DDOG	1	-336.76
p5 continuation	AMZN	3	-740.08
p5 continuation	COIN	2	-1414.12
p6 reversal	BA	20	17245.69
p6 reversal	GOOGL	19	17128.44
p6 reversal	AMZN	24	16988.47
p6 reversal	GEV	24	16537.39
p6 reversal	CRM	20	15797.08
p6 reversal	JPM	15	15602.19
p6 reversal	CEG	19	14994.89
p6 reversal	GOOG	16	14682.46
p6 reversal	CRWD	15	14131.1
p6 reversal	LLY	14	13005.86
p6 reversal	COIN	28	12799.86
p6 reversal	ADBE	19	11590.23
p6 reversal	AMAT	20	10616.75
p6 reversal	BABA	20	10520.51
p6 reversal	IWM	11	10321.32
p6 reversal	AMD	28	9911.17
p6 reversal	AAPL	27	9726.9
p6 reversal	IBM	11	9688.16
p6 reversal	DIA	22	9683.33
p6 reversal	ARM	20	9255.3
p6 reversal	LULU	8	8494.79
p6 reversal	ALB	19	7512.59
p6 reversal	GE	14	7403.08
p6 reversal	GLW	20	7397.82
p6 reversal	ARKK	23	6781.15
p6 reversal	AVGO	17	6081.93
p6 reversal	DELL	17	5527.69
p6 reversal	DIS	17	5295.12
p6 reversal	CVX	16	5268.89
p6 reversal	ANET	20	5258.09
p6 reversal	DDOG	15	5231.76
p6 reversal	AFRM	22	5087.58
p6 reversal	BITX	26	4440.31
p6 reversal	C	15	4181.02
p6 reversal	LRCX	8	3162.17
p6 reversal	HOOD	15	2827.53
p6 reversal	ENPH	23	2823.27
p6 reversal	CVNA	14	2569.23
p6 reversal	APA	25	2494.61
p6 reversal	DAL	20	2315.66
p6 reversal	FCX	21	2289.85
p6 reversal	JD	12	1827.14
p6 reversal	CMG	18	1733.4
p6 reversal	DVN	17	1727.18
p6 reversal	HAL	15	1693.93
p6 reversal	INTC	12	1658.17
p6 reversal	BAC	10	1331.11
p6 reversal	KO	14	1326.65
p6 reversal	FSLR	18	1303.55
p6 reversal	DOW	15	1209.33
p6 reversal	GM	7	1095.42
p6 reversal	CCL	17	928.63
p6 reversal	AMDL	17	817.84
p6 reversal	AES	20	731.99
p6 reversal	AAL	24	571.28
p6 reversal	CVS	11	413.09
p6 reversal	KHC	7	404.86
p6 reversal	CMCSA	2	392.32
p6 reversal	BMY	13	270.89
p6 reversal	BYND	16	206.84
p6 reversal	F	17	200.45
p6 reversal	HPE	4	49.06
